title,link,category,id,duration,Tags
daily vlog1,https://www.douyin.com/video/7367675881617231141,daily_vlog,7367675881617231141,27,"compus life, high school"
daily vlog2,https://www.douyin.com/video/6978409764753542404,daily_vlog,6978409764753542404,32,"daily life, video shooting process"
daily vlog3,https://www.douyin.com/video/7268628482895203603,daily_vlog,7268628482895203603,36,"diet recording, discipline"
daily vlog4,https://www.douyin.com/video/7294104611634351372,daily_vlog,7294104611634351372,9,"daily life, plog"
daily vlog5,https://www.douyin.com/video/7410637810631298304,daily_vlog,7410637810631298304,14,"compus life, high school"
daily vlog6,https://www.douyin.com/video/7011808898533313792,daily_vlog,7011808898533313792,41,"compus life, school vlog"
daily vlog7,https://www.douyin.com/video/7022200635114261775,daily_vlog,7022200635114261775,60,"weekend vlog, video shooting process"
daily vlog8,https://www.douyin.com/video/7280921484241947940,daily_vlog,7280921484241947940,27,"life without smartphone, transformation"
daily vlog9,https://www.douyin.com/video/7419002577255222528,daily_vlog,7419002577255222528,24,"compus life, roomate"
daily vlog10,https://www.douyin.com/video/7175416218017385788,daily_vlog,7175416218017385788,41,"compus life, video shooting process"
daily vlog11,https://www.douyin.com/video/7356825122130431247,daily_vlog,7356825122130431247,35,"compus life, school vlog"
daily vlog12,https://www.douyin.com/video/7418918749245394195,daily_vlog,7418918749245394195,23,"couple life, travel"
daily vlog13,https://www.douyin.com/video/7063391781555014915,daily_vlog,7063391781555014915,37,"daily life, cinema, movie"
daily vlog14,https://www.douyin.com/video/7081244931951430942,daily_vlog,7081244931951430942,77,housewife
daily vlog15,https://www.douyin.com/video/7363890900944096523,daily_vlog,7363890900944096523,47,"housewife, Babysitting"
daily vlog16,https://www.douyin.com/video/7394793267138694435,daily_vlog,7394793267138694435,28,stay home
daily vlog17,https://www.douyin.com/video/7361360100822486298,daily_vlog,7361360100822486298,45,"we media, daily life"
daily vlog18,https://www.douyin.com/video/7346415421911731483,daily_vlog,7346415421911731483,10,"international students, part-time job"
daily vlog19,https://www.douyin.com/video/7418249892730096936,daily_vlog,7418249892730096936,32,"compus life, roomate"
daily vlog20,https://www.douyin.com/video/7418799665388277042,daily_vlog,7418799665388277042,12,couple life
dressing1,https://www.douyin.com/video/7255620020145900837,dressing,7255620020145900837,16,"men's clothing, recommendation"
dressing2,https://www.douyin.com/video/7269588153898421556,dressing,7269588153898421556,19,"outfit recommendation, chubby girl, early autumn"
dressing3,https://www.douyin.com/video/7221854185443052838,dressing,7221854185443052838,9,"neutralstyle, outfit recommendation, temperamental style"
dressing4,https://www.douyin.com/video/7266749192750615823,dressing,7266749192750615823,13,"mommy crossdressing, outfit recommendation"
dressing5,https://www.douyin.com/video/7228535187544640829,dressing,7228535187544640829,13,"fitness wear, crossdressing"
dressing6,https://www.douyin.com/video/7325420058887343400,dressing,7325420058887343400,16,"men's clothing, clean"
dressing7,https://www.douyin.com/video/7315363504918138166,dressing,7315363504918138166,10,"men's clothing, outfit recommendation"
dressing8,https://www.douyin.com/video/7392569809113730355,dressing,7392569809113730355,16,"outfit recommendation, dressing formula"
dressing9,https://www.douyin.com/video/7382517728688606516,dressing,7382517728688606516,13,"temperamental style, outfit recommendation"
dressing10,https://www.douyin.com/video/7243384307476090173,dressing,7243384307476090173,47,dress
dressing11,https://www.douyin.com/video/7406927887791557897,dressing,7406927887791557897,12,"closet, outfit recommendation, fashion design"
dressing12,https://www.douyin.com/video/7227799251055676683,dressing,7227799251055676683,14,"men's clothing, clean"
dressing13,https://www.douyin.com/video/7394752699801144614,dressing,7394752699801144614,10,commuting wearoutfit recommendation
dressing14,https://www.douyin.com/video/7397376464863251747,dressing,7397376464863251747,10,"outfit recommendation, commuting wear, interview outfit"
dressing15,https://www.douyin.com/video/7259452734707879224,dressing,7259452734707879224,28,"men's clothing, outfit recommendation"
dressing16,https://www.douyin.com/video/7290445158779276601,dressing,7290445158779276601,27,"outfit recommendation, temperamental style"
dressing17,https://www.douyin.com/video/7380325502696934675,dressing,7380325502696934675,52,"upcycling, handmade, clothing design"
dressing18,https://www.douyin.com/video/7189894034385685817,dressing,7189894034385685817,48,clothing design
dressing19,https://www.douyin.com/video/7402196854638660899,dressing,7402196854638660899,12,traditional dress
dressing20,https://www.douyin.com/video/6810744988192804096,dressing,6810744988192804096,42,clothing design
fitness1,https://www.douyin.com/video/7113398165964885286,fitness,7113398165964885286,49,"gym, beginner's tutorial"
fitness2,https://www.douyin.com/video/6616990050930396423,fitness,6616990050930396423,40,"gym, beginner's tutorial"
fitness3,https://www.douyin.com/video/7384739623232179493,fitness,7384739623232179493,15,"gym, muscle building"
fitness4,https://www.douyin.com/video/7416736332464114981,fitness,7416736332464114981,31,"basketball game, wonderful moment"
fitness5,https://www.douyin.com/video/7401083083606248739,fitness,7401083083606248739,46,"home exercise, traditional exercise"
fitness6,https://www.douyin.com/video/7417030195158240566,fitness,7417030195158240566,24,"basketball game, wonderful moment"
fitness7,https://www.douyin.com/video/7263408256465325375,fitness,7263408256465325375,51,"gym, beginner's tutorial"
fitness8,https://www.douyin.com/video/7369801993575091491,fitness,7369801993575091491,21,"home exercise, muscle building"
fitness9,https://www.douyin.com/video/6905258970131270927,fitness,6905258970131270927,24,soccer game
fitness10,https://www.douyin.com/video/7310593079814245666,fitness,7310593079814245666,48,"home exercise, muscle building, muscle building"
fitness11,https://www.douyin.com/video/7161751971718761762,fitness,7161751971718761762,18,"weight losstransformation, discipline"
fitness12,https://www.douyin.com/video/7401728985048059162,fitness,7401728985048059162,20,"table tennis, world champion"
fitness13,https://www.douyin.com/video/7418169166726712591,fitness,7418169166726712591,39,"table tennis, WTT"
fitness14,https://www.douyin.com/video/7060408135877430568,fitness,7060408135877430568,16,"weight losstransformation, discipline"
fitness15,https://www.douyin.com/video/7335023422096837939,fitness,7335023422096837939,32,"soccer game, wonderful moment"
fitness16,https://www.douyin.com/video/7289695419628555581,fitness,7289695419628555581,12,"weight losstransformation, discipline"
fitness17,https://www.douyin.com/video/7375524550534057256,fitness,7375524550534057256,14,muscle building
fitness18,https://www.douyin.com/video/7433000800709840128,fitness,7433000800709840128,12,"muscle building, gym, discipline"
fitness19,https://www.douyin.com/video/7330957289119059263,fitness,7330957289119059263,41,"badmiton, beginner's tutorial"
fitness20,https://www.douyin.com/video/7372126865349168436,fitness,7372126865349168436,34,"badmiton, beginner's tutorial"
gourmet1,https://www.douyin.com/video/7404769193758936331,gourmet,7404769193758936331,37,"OnePersonMeal, Bento Grid"
gourmet2,https://www.douyin.com/video/7180279790190988603,gourmet,7180279790190988603,41,RecipeGuide
gourmet3,https://www.douyin.com/video/7163133203245436174,gourmet,7163133203245436174,26,"hotpot, RecipeGuide"
gourmet4,https://www.douyin.com/video/7165028878342278403,gourmet,7165028878342278403,39,"RecipeGuide, Baking"
gourmet5,https://www.douyin.com/video/6895298968922639616,gourmet,6895298968922639616,20,"Dessert, Baking"
gourmet6,https://www.douyin.com/video/7198742454525381903,gourmet,7198742454525381903,58,HomestyleDishes
gourmet7,https://www.douyin.com/video/6935796216085220641,gourmet,6935796216085220641,17,"DeliciousDiscoveries, midnight snack"
gourmet8,https://www.douyin.com/video/7415078259379031332,gourmet,7415078259379031332,22,HomestyleDishes
gourmet9,https://www.douyin.com/video/7119755453466234143,gourmet,7119755453466234143,35,"Baking, Dessert, RecipeGuide"
gourmet10,https://www.douyin.com/video/7434492726764129595,gourmet,7434492726764129595,11,"Baking, Dessert, Soufflé"
gourmet11,https://www.douyin.com/video/7391811494238817576,gourmet,7391811494238817576,24,DeliciousDiscoveries
gourmet12,https://www.douyin.com/video/7390222991692434726,gourmet,7390222991692434726,55,"Dessert, Baking"
gourmet13,https://www.douyin.com/video/7101865888990661919,gourmet,7101865888990661919,17,Cooking School
gourmet14,https://www.douyin.com/video/7387344308606684479,gourmet,7387344308606684479,56,"RecipeGuide, curry"
gourmet15,https://www.douyin.com/video/7380281095889177897,gourmet,7380281095889177897,47,"XinjiangCuisine, FoodDocumentary"
gourmet16,https://www.douyin.com/video/7369519657490992438,gourmet,7369519657490992438,59,"Ham, FoodDocumentary"
gourmet17,https://www.douyin.com/video/7412582519117319475,gourmet,7412582519117319475,39,"cooking records, FoodDocumentary"
gourmet18,https://www.douyin.com/video/6595169037905300749,gourmet,6595169037905300749,21,"XinjiangCuisine, DeliciousDiscoveries"
gourmet19,https://www.douyin.com/video/7121569696134073636,gourmet,7121569696134073636,41,"RecipeGuide, XinjiangCuisine"
gourmet20,https://www.douyin.com/video/7039642214288428296,gourmet,7039642214288428296,12,"RecipeGuide, dumplings"
hair braided1,https://www.douyin.com/video/7351321329708158235,hair_braided,7351321329708158235,55,"HairTutorial, upstyle"
hair braided2,https://www.douyin.com/video/7222167689937046821,hair_braided,7222167689937046821,36,"HairTutorial, hair clip"
hair braided3,https://www.douyin.com/video/7380724689586359552,hair_braided,7380724689586359552,35,"HairTutorial, braiding"
hair braided4,https://www.douyin.com/video/7243780016117468448,hair_braided,7243780016117468448,57,"dye hair, Hair Coloring, HairInspiration"
hair braided5,https://www.douyin.com/video/7030011027945295135,hair_braided,7030011027945295135,41,"HairTutorial, wavy hair"
hair braided6,https://www.douyin.com/video/7385415030990261542,hair_braided,7385415030990261542,21,"HairTutorial, bangs"
hair braided7,https://www.douyin.com/video/6855116355524365575,hair_braided,6855116355524365575,22,"HairStyle, HairTutorial"
hair braided8,https://www.douyin.com/video/7031109076851363104,hair_braided,7031109076851363104,47,"HairTutorial, upstyle, hair clip"
hair braided9,https://www.douyin.com/video/7405585975553871156,hair_braided,7405585975553871156,12,"HairTutorial, upstyle"
hair braided10,https://www.douyin.com/video/7382837665990839561,hair_braided,7382837665990839561,51,"HairStyle, HairInspiration"
hair braided11,https://www.douyin.com/video/7198083479790275880,hair_braided,7198083479790275880,11,"HairTutorial, wavy hair"
hair braided12,https://www.douyin.com/video/7405170715797818651,hair_braided,7405170715797818651,17,"HairTutorial, wavy hair"
hair braided13,https://www.douyin.com/video/7099648479886085383,hair_braided,7099648479886085383,53,"dye hair, Hair Coloring, HairInspiration"
hair braided14,https://www.douyin.com/video/7379974825483291954,hair_braided,7379974825483291954,16,"HairTransformation, HairStyle"
hair braided15,https://www.douyin.com/video/7386928671635852582,hair_braided,7386928671635852582,16,"HairTutorial, bangs"
hair braided16,https://www.douyin.com/video/7405919528980466996,hair_braided,7405919528980466996,38,"HairTransformation, short hair"
hair braided17,https://www.douyin.com/video/7210351650945387814,hair_braided,7210351650945387814,56,"HairTutorial, short hair, wavy hair"
hair braided18,https://www.douyin.com/video/7388480917578255631,hair_braided,7388480917578255631,54,"HairTransformation, short hair"
hair braided19,https://www.douyin.com/video/7393346093448285450,hair_braided,7393346093448285450,11,HairInspiration
hair braided20,https://www.douyin.com/video/7379547890382867738,hair_braided,7379547890382867738,11,"HairInspiration, HairInspiration"
homemade drinks1,https://www.douyin.com/video/7408513996216749323,homemade_drinks,7408513996216749323,38,"pomegranate wine, fruit drink"
homemade drinks2,https://www.douyin.com/video/7242893573023075645,homemade_drinks,7242893573023075645,27,"milk tea, grape, fruit drink"
homemade drinks3,https://www.douyin.com/video/7053648336028486925,homemade_drinks,7053648336028486925,20,"health tea, blood nourishing, Red Dates and Ginger Tea"
homemade drinks4,https://www.douyin.com/video/7257776599116893492,homemade_drinks,7257776599116893492,49,"ice drink, fruit drink"
homemade drinks5,https://www.douyin.com/video/7067142632098614539,homemade_drinks,7067142632098614539,24,"health tea, blood nourishing"
homemade drinks6,https://www.douyin.com/video/7403227671213149475,homemade_drinks,7403227671213149475,38,"health tea, apple, blood nourishing"
homemade drinks7,https://www.douyin.com/video/7099702148144893221,homemade_drinks,7099702148144893221,44,"health tea, Red Dates and Ginger Tea"
homemade drinks8,https://www.douyin.com/video/7301236323912895759,homemade_drinks,7301236323912895759,41,"coffee, latte art"
homemade drinks9,https://www.douyin.com/video/7096052533776354597,homemade_drinks,7096052533776354597,35,"milk tea, bubble tea DIY"
homemade drinks10,https://www.douyin.com/video/7171405703574326561,homemade_drinks,7171405703574326561,31,"coffee, latte art"
homemade drinks11,https://www.douyin.com/video/7408483732228705546,homemade_drinks,7408483732228705546,47,"coffee, ice cream, persimmon"
homemade drinks12,https://www.douyin.com/video/7351740493836946707,homemade_drinks,7351740493836946707,60,"milk tea, DIY"
homemade drinks13,https://www.douyin.com/video/7143242861633342735,homemade_drinks,7143242861633342735,52,coffee
homemade drinks14,https://www.douyin.com/video/7116364459555212551,homemade_drinks,7116364459555212551,60,"Mung Bean Soup, ice drink"
homemade drinks15,https://www.douyin.com/video/7379970233571872054,homemade_drinks,7379970233571872054,25,"tea, mixology"
homemade drinks16,https://www.douyin.com/video/7202545894183406905,homemade_drinks,7202545894183406905,31,"mixology, ice drink"
homemade drinks17,https://www.douyin.com/video/6927105860724428039,homemade_drinks,6927105860724428039,13,mixology
homemade drinks18,https://www.douyin.com/video/6988843997183675648,homemade_drinks,6988843997183675648,17,"fruit drink, beer, DIY"
homemade drinks19,https://www.douyin.com/video/7229999501224725799,homemade_drinks,7229999501224725799,19,"mixology, ice drink"
homemade drinks20,https://www.douyin.com/video/7257128385833372980,homemade_drinks,7257128385833372980,30,"milk tea, fruit Tea, ice drink"
kids1,https://www.douyin.com/video/7408405918045457702,kids,7408405918045457702,16,"cute baby, LovelyMoments"
kids2,https://www.douyin.com/video/7218131858083695924,kids,7218131858083695924,34,"cute baby, LovelyMoments"
kids3,https://www.douyin.com/video/7385006386280762674,kids,7385006386280762674,11,"cute baby, funny kids"
kids4,https://www.douyin.com/video/7011441329070820608,kids,7011441329070820608,18,"Kiddaily, familyLife"
kids5,https://www.douyin.com/video/7413685743194819881,kids,7413685743194819881,13,funny kids
kids6,https://www.douyin.com/video/7022487292816133414,kids,7022487292816133414,16,"cute baby, funny kids"
kids7,https://www.douyin.com/video/7116066033676455204,kids,7116066033676455204,14,"cute baby, kindergarten"
kids8,https://www.douyin.com/video/7278518783998823741,kids,7278518783998823741,18,"cute baby, kindergarten"
kids9,https://www.douyin.com/video/7140546914277166367,kids,7140546914277166367,42,funny kids
kids10,https://www.douyin.com/video/7399490925484854528,kids,7399490925484854528,26,"Kiddaily, confusing behavior"
kids11,https://www.douyin.com/video/6834780426419129600,kids,6834780426419129600,14,funny kids
kids12,https://www.douyin.com/video/7083809333611334920,kids,7083809333611334920,13,"funny kids, confusing behavior"
kids13,https://www.douyin.com/video/7224825764884073760,kids,7224825764884073760,18,cute baby
kids14,https://www.douyin.com/video/7304506053994056970,kids,7304506053994056970,30,Kiddaily
kids15,https://www.douyin.com/video/7418500511223008575,kids,7418500511223008575,31,Kiddaily
kids16,https://www.douyin.com/video/7211454351821327668,kids,7211454351821327668,32,"funny kids, children's words"
kids17,https://www.douyin.com/video/7402810859942104330,kids,7402810859942104330,55,"funny kids, children's words"
kids18,https://www.douyin.com/video/7417094351815314727,kids,7417094351815314727,22,"primary school, student"
kids19,https://www.douyin.com/video/7263778790990417167,kids,7263778790990417167,30,"funny kids, confusing behavior"
kids20,https://www.douyin.com/video/7389949244498611519,kids,7389949244498611519,26,"funny kids, confusing behavior"
livehouse1,https://www.douyin.com/video/7405568468503874866,livehouse,7405568468503874866,31,"Japan, Meiria"
livehouse2,https://www.douyin.com/video/7391509025885588770,livehouse,7391509025885588770,39,"concert, chorus"
livehouse3,https://www.douyin.com/video/7456121978211142924,livehouse,7456121978211142924,21,"livemusic, band, WesternPop"
livehouse4,https://www.douyin.com/video/6978402424302226725,livehouse,6978402424302226725,32,"graduation, songcover"
livehouse5,https://www.douyin.com/video/7394487711182146816,livehouse,7394487711182146816,18,concert
livehouse6,https://www.douyin.com/video/7399587112149896474,livehouse,7399587112149896474,18,"concert, chorus"
livehouse7,https://www.douyin.com/video/7379953936775548195,livehouse,7379953936775548195,48,"WesternPop, Selenagomez"
livehouse8,https://www.douyin.com/video/7211927148267834661,livehouse,7211927148267834661,17,"livemusic, band"
livehouse9,https://www.douyin.com/video/7048862856409861407,livehouse,7048862856409861407,16,"livemusic, chorus"
livehouse10,https://www.douyin.com/video/7336690626827783458,livehouse,7336690626827783458,45,"livemusic, band, bass"
livehouse11,https://www.douyin.com/video/7279034877482159401,livehouse,7279034877482159401,11,"WesternPop, Tylorswift"
livehouse12,https://www.douyin.com/video/7397298314946923811,livehouse,7397298314946923811,23,"concert, livemusic, Classic song"
livehouse13,https://www.douyin.com/video/7409838571630234930,livehouse,7409838571630234930,23,"WesternPop, beautiful tone"
livehouse14,https://www.douyin.com/video/7402979130649611583,livehouse,7402979130649611583,27,"Korean, Blackpink"
livehouse15,https://www.douyin.com/video/7110521586762943757,livehouse,7110521586762943757,36,"graduation, songcover"
livehouse16,https://www.douyin.com/video/7397580174637747494,livehouse,7397580174637747494,27,"WesternPop, LiveShow"
livehouse17,https://www.douyin.com/video/7156541317064051983,livehouse,7156541317064051983,47,"concert, LiveShow, Korean, Blackpink"
livehouse18,https://www.douyin.com/video/7296771631198866738,livehouse,7296771631198866738,37,"concert, LiveShow, Classic song"
livehouse19,https://www.douyin.com/video/7369803422654139682,livehouse,7369803422654139682,25,"beautiful tone, songcover"
livehouse20,https://www.douyin.com/video/7383187918883425587,livehouse,7383187918883425587,33,"concert, LiveShow, Classic song"
makeup1,https://www.douyin.com/video/7400706665458273545,makeup,7400706665458273545,52,"makeup tips, foundation makeup"
makeup2,https://www.douyin.com/video/7418128072345390345,makeup,7418128072345390345,57,"makeup tips, beginner's tutorial"
makeup3,https://www.douyin.com/video/7342447611456015679,makeup,7342447611456015679,32,makeup tips
makeup4,https://www.douyin.com/video/7348775669909835035,makeup,7348775669909835035,14,celebrity makeup
makeup5,https://www.douyin.com/video/7383280106497707298,makeup,7383280106497707298,13,celebrity makeup
makeup6,https://www.douyin.com/video/7277104933764173114,makeup,7277104933764173114,36,"celebrity makeup, look sharing"
makeup7,https://www.douyin.com/video/7255233545218641193,makeup,7255233545218641193,19,look transformation
makeup8,https://www.douyin.com/video/7418137613304990988,makeup,7418137613304990988,10,"imitated makeup, cosplay"
makeup9,https://www.douyin.com/video/7368461052540898586,makeup,7368461052540898586,31,"crossdressing, Chinese tradition"
makeup10,https://www.douyin.com/video/7372137724435795241,makeup,7372137724435795241,29,"crossdressing, Chinese tradition"
makeup11,https://www.douyin.com/video/7401819553547701542,makeup,7401819553547701542,57,"crossdressing, Olympic"
makeup12,https://www.douyin.com/video/7341595456809569574,makeup,7341595456809569574,30,beginner's tutorial
makeup13,https://www.douyin.com/video/6774603874452999436,makeup,6774603874452999436,57,look transformation
makeup14,https://www.douyin.com/video/7412100993208339724,makeup,7412100993208339724,37,"beginner's tutorial, ambience"
makeup15,https://www.douyin.com/video/7414786778755829001,makeup,7414786778755829001,9,"look transformation, Chinese tradition"
makeup16,https://www.douyin.com/video/7326495678803283236,makeup,7326495678803283236,51,look transformation
makeup17,https://www.douyin.com/video/7412972147770953012,makeup,7412972147770953012,8,"look transformation, ambience"
makeup18,https://www.douyin.com/video/7346532254539140406,makeup,7346532254539140406,16,"look sharing, look transformation"
makeup19,https://www.douyin.com/video/7265244674162462008,makeup,7265244674162462008,11,"look sharing, look transformation"
makeup20,https://www.douyin.com/video/6979173535281335552,makeup,6979173535281335552,45,"look sharing, look transformation"
painting1,https://www.douyin.com/video/7412132321899400486,painting,7412132321899400486,9,"fine arts, studio work"
painting2,https://www.douyin.com/video/7404528594539629875,painting,7404528594539629875,42,"fine arts, charcoal painting"
painting3,https://www.douyin.com/video/7375051152653569290,painting,7375051152653569290,30,"oil painting, artist"
painting4,https://www.douyin.com/video/7235427069923003682,painting,7235427069923003682,23,"oil painting, Landscape"
painting5,https://www.douyin.com/video/7406909188384869647,painting,7406909188384869647,25,Light and Shadow
painting6,https://www.douyin.com/video/7387275351543532827,painting,7387275351543532827,22,"Stick Figure, fine arts"
painting7,https://www.douyin.com/video/7401046958472842547,painting,7401046958472842547,33,"ipadpainting, procreate"
painting8,https://www.douyin.com/video/7358798535501892879,painting,7358798535501892879,19,"oil painting, Landscape"
painting9,https://www.douyin.com/video/7404281082574572841,painting,7404281082574572841,26,"Ink Painting, poetry"
painting10,https://www.douyin.com/video/7414798016768511258,painting,7414798016768511258,32,"artist, oil painting"
painting11,https://www.douyin.com/video/7182144389685333263,painting,7182144389685333263,58,"Oil pastels, birthdaygift"
painting12,https://www.douyin.com/video/7393528875310927141,painting,7393528875310927141,27,"doodle, Oil pastels, Sunset"
painting13,https://www.douyin.com/video/7397264040763936063,painting,7397264040763936063,13,"fine arts, studio work"
painting14,https://www.douyin.com/video/7330106610678779147,painting,7330106610678779147,28,Game Characters
painting15,https://www.douyin.com/video/7285923258812173580,painting,7285923258812173580,48,"Marker pen, Drawing Blocks"
painting16,https://www.douyin.com/video/7399955025654582554,painting,7399955025654582554,23,Figure painting
painting17,https://www.douyin.com/video/6823612881993551118,painting,6823612881993551118,50,"Oil pastels, beginner's tutorial"
painting18,https://www.douyin.com/video/7406000748661722394,painting,7406000748661722394,44,"sketch, Figure painting"
painting19,https://www.douyin.com/video/7414871353490246927,painting,7414871353490246927,16,"Stick Figure, comics"
painting20,https://www.douyin.com/video/7397591104687738127,painting,7397591104687738127,33,"fine arts, Figure painting, charcoal painting"
pets1,https://www.douyin.com/video/7396362180116958464,pets,7396362180116958464,10,"cat, LovelyMoments"
pets2,https://www.douyin.com/video/7411392713012022578,pets,7411392713012022578,19,"dog, Corgi, cute pets"
pets3,https://www.douyin.com/video/7435105771433561380,pets,7435105771433561380,14,"dog, cat, cute pets, funny"
pets4,https://www.douyin.com/video/7405211544545463561,pets,7405211544545463561,13,"dog, Golden retriever, Healing Moment"
pets5,https://www.douyin.com/video/7341716539936165183,pets,7341716539936165183,13,"cat, dog, Gold gradient, cute pets"
pets6,https://www.douyin.com/video/7418888622910360870,pets,7418888622910360870,7,"piggy, cute pets, babby"
pets7,https://www.douyin.com/video/7454660597209222436,pets,7454660597209222436,15,"dog, food, funny"
pets8,https://www.douyin.com/video/7386269326396984595,pets,7386269326396984595,12,"cute pets, dog"
pets9,https://www.douyin.com/video/7394000201842740506,pets,7394000201842740506,12,"cat, LovelyMoments"
pets10,https://www.douyin.com/video/7438601162888088889,pets,7438601162888088889,9,"cat, funny"
pets11,https://www.douyin.com/video/7442974023362874675,pets,7442974023362874675,10,"cat, cute pets"
pets12,https://www.douyin.com/video/7414189786946080034,pets,7414189786946080034,25,"cat, confusing behavior"
pets13,https://www.douyin.com/video/7403946355007180070,pets,7403946355007180070,20,"dog, Alaska, babby"
pets14,https://www.douyin.com/video/7416767021435637007,pets,7416767021435637007,18,"cat, cute pets"
pets15,https://www.douyin.com/video/7402457068621319460,pets,7402457068621319460,10,"Mink, Healing Moment"
pets16,https://www.douyin.com/video/7341004467287919898,pets,7341004467287919898,14,"cat, chicken, funny, confusing behavior"
pets17,https://www.douyin.com/video/7351652777115847951,pets,7351652777115847951,49,Reptiles
pets18,https://www.douyin.com/video/7412921550971718953,pets,7412921550971718953,12,"parrot, beautiful pet"
pets19,https://www.douyin.com/video/7418542448793931018,pets,7418542448793931018,8,"parrot, confusing behavior"
pets20,https://www.douyin.com/video/7390255657838038299,pets,7390255657838038299,8,"cat, confusing behavior"
photography1,https://www.douyin.com/video/7332070178877918504,photography,7332070178877918504,14,"PhotoTricks, ambience"
photography2,https://www.douyin.com/video/7362490691554987303,photography,7362490691554987303,45,"PhotoTricks, PhotoPosture"
photography3,https://www.douyin.com/video/7382876646107385088,photography,7382876646107385088,49,"PhotoTricks, PhotoComposition"
photography4,https://www.douyin.com/video/7307908452167257344,photography,7307908452167257344,55,"PhoneCamera, PhotoTricks"
photography5,https://www.douyin.com/video/7408854162663935266,photography,7408854162663935266,44,"CameraGuide, CameraPosition"
photography6,https://www.douyin.com/video/7327965823455284506,photography,7327965823455284506,23,"photographer, potrait"
photography7,https://www.douyin.com/video/7276595042284801291,photography,7276595042284801291,34,"CreativePhotography, MiniatureScenes"
photography8,https://www.douyin.com/video/7194083728660958476,photography,7194083728660958476,27,"professional, EventPhotography"
photography9,https://www.douyin.com/video/7163210366246325535,photography,7163210366246325535,12,"professional, EventPhotography"
photography10,https://www.douyin.com/video/7337902011439926568,photography,7337902011439926568,42,CreativePhotography
photography11,https://www.douyin.com/video/7357289131212377363,photography,7357289131212377363,23,"CelebrityPhotoshoots, ambience"
photography12,https://www.douyin.com/video/7351026499949956402,photography,7351026499949956402,30,"CreativePhotography, PhotoTricks"
photography13,https://www.douyin.com/video/7380718205427256626,photography,7380718205427256626,21,"PhotoPosture, CouplePhotos"
photography14,https://www.douyin.com/video/7033688033991855368,photography,7033688033991855368,23,WeddingVideography
photography15,https://www.douyin.com/video/7355810022053416192,photography,7355810022053416192,30,"PhotoPosture, CouplePhotos"
photography16,https://www.douyin.com/video/7392987541571407138,photography,7392987541571407138,8,"Slow Motion, ambience"
photography17,https://www.douyin.com/video/7455988770660224316,photography,7455988770660224316,53,"PhoneCamera, PhotoTricks"
photography18,https://www.douyin.com/video/7400560902698749196,photography,7400560902698749196,48,"PhoneCamera, PhotoTricks"
photography19,https://www.douyin.com/video/7394468558039829794,photography,7394468558039829794,9,"Slow Motion, ambience"
photography20,https://www.douyin.com/video/7410453172470254885,photography,7410453172470254885,47,PhotoComposition
popular science1,https://www.douyin.com/video/7402179888674884916,popular_science,7402179888674884916,54,"Chinese tradition, Go pieces"
popular science2,https://www.douyin.com/video/7394724451310456064,popular_science,7394724451310456064,59,"science education, health knowledge"
popular science3,https://www.douyin.com/video/7393259497369734434,popular_science,7393259497369734434,30,"KnowledgeSharing, petal"
popular science4,https://www.douyin.com/video/7185846501321608509,popular_science,7185846501321608509,25,"science education, health knowledge"
popular science5,https://www.douyin.com/video/7070713579648896263,popular_science,7070713579648896263,34,"KnowledgeSharing, science education, railway"
popular science6,https://www.douyin.com/video/7413778190528777522,popular_science,7413778190528777522,31,"science education, health knowledge, earphone"
popular science7,https://www.douyin.com/video/7241516570764168504,popular_science,7241516570764168504,35,"KnowledgeSharing, diet, health"
popular science8,https://www.douyin.com/video/7380437651201084698,popular_science,7380437651201084698,42,"KnowledgeSharing, Titanic"
popular science9,https://www.douyin.com/video/7393582484438486313,popular_science,7393582484438486313,18,"Science Experiments, Chemistry"
popular science10,https://www.douyin.com/video/7216923103136386361,popular_science,7216923103136386361,10,"Tyndall effect, Healing Moment, sea"
popular science11,https://www.douyin.com/video/7376626784164416802,popular_science,7376626784164416802,31,"Science Experiments, physics"
popular science12,https://www.douyin.com/video/7386425245533605170,popular_science,7386425245533605170,24,"Science Experiments, physics"
popular science13,https://www.douyin.com/video/7402684883115461914,popular_science,7402684883115461914,24,"Science Experiments, Chemistry"
popular science14,https://www.douyin.com/video/7415511861740703014,popular_science,7415511861740703014,6,"Science Experiments, Chemistry"
popular science15,https://www.douyin.com/video/7416277000022789403,popular_science,7416277000022789403,43,"LifeHacks, KnowledgeSharing"
popular science16,https://www.douyin.com/video/7365059252173491496,popular_science,7365059252173491496,33,"KnowledgeSharing, medical science"
popular science17,https://www.douyin.com/video/7368665535954914595,popular_science,7368665535954914595,32,"KnowledgeSharing, lesson"
popular science18,https://www.douyin.com/video/7110561658321308936,popular_science,7110561658321308936,59,science education
popular science19,https://www.douyin.com/video/7357590744934206747,popular_science,7357590744934206747,42,"universe, KnowledgeSharing, Tidal force"
popular science20,https://www.douyin.com/video/7399966863867792679,popular_science,7399966863867792679,31,"science education, health knowledge"
scenery1,https://www.douyin.com/video/7407442133227031842,scenery,7407442133227031842,17,"Mountain, Natural scenery"
scenery2,https://www.douyin.com/video/7380664698217221395,scenery,7380664698217221395,15,"grassland, Natural scenery"
scenery3,https://www.douyin.com/video/7401075553723256090,scenery,7401075553723256090,8,"Mountain, Natural scenery"
scenery4,https://www.douyin.com/video/7403675333892771123,scenery,7403675333892771123,54,"AttractionsRecommend, HealingMoment"
scenery5,https://www.douyin.com/video/7395156970451373363,scenery,7395156970451373363,39,"AttractionsRecommend, HealingMoment, Attraction"
scenery6,https://www.douyin.com/video/7377043740466203916,scenery,7377043740466203916,7,"Sunset, HealingMoment"
scenery7,https://www.douyin.com/video/7404443997135064357,scenery,7404443997135064357,10,"summer, HealingMoment"
scenery8,https://www.douyin.com/video/7245262784546573623,scenery,7245262784546573623,23,"summer, HealingMoment, Natural scenery"
scenery9,https://www.douyin.com/video/7399248399209483559,scenery,7399248399209483559,13,"Swiss, downtown, summer, HealingMoment"
scenery10,https://www.douyin.com/video/7401070768811003188,scenery,7401070768811003188,6,"Autumn, Beijing, ginkgo"
scenery11,https://www.douyin.com/video/7417090504669662498,scenery,7417090504669662498,9,"Autumn, HealingMoment"
scenery12,https://www.douyin.com/video/7346354637718457611,scenery,7346354637718457611,15,"Flower, Spring, HealingMoment"
scenery13,https://www.douyin.com/video/7402241272133586227,scenery,7402241272133586227,7,Meteor Showers
scenery14,https://www.douyin.com/video/7214047387222822148,scenery,7214047387222822148,16,"AttractionsRecommend, travel"
scenery15,https://www.douyin.com/video/7402200352797314319,scenery,7402200352797314319,56,AttractionsRecommend
scenery16,https://www.douyin.com/video/7028150706444045607,scenery,7028150706444045607,15,"mountain, rime, winnter, sunrise"
scenery17,https://www.douyin.com/video/7363638527101324559,scenery,7363638527101324559,16,"waterfall, wonderland"
scenery18,https://www.douyin.com/video/7008868547879374111,scenery,7008868547879374111,15,"Sunset, HealingMoment"
scenery19,https://www.douyin.com/video/7254593803284172071,scenery,7254593803284172071,20,"Mountain, AerialPhotography, Attraction"
scenery20,https://www.douyin.com/video/7302037361687366963,scenery,7302037361687366963,21,Chinese Garden
street snap1,https://www.douyin.com/video/7378122701434522914,street_snap,7378122701434522914,37,"StreetPhotography, Portrait"
street snap2,https://www.douyin.com/video/7410668622797884682,street_snap,7410668622797884682,26,"shooting process, passerby"
street snap3,https://www.douyin.com/video/7399248070413684008,street_snap,7399248070413684008,8,"StreetPhotography, Supermodel"
street snap4,https://www.douyin.com/video/7387530285430099254,street_snap,7387530285430099254,30,"Traffic Police, StreetPhotography"
street snap5,https://www.douyin.com/video/7399962077521055026,street_snap,7399962077521055026,12,"travel, fashion beauty"
street snap6,https://www.douyin.com/video/7309794484236094729,street_snap,7309794484236094729,14,"Chinese tradition, elegance"
street snap7,https://www.douyin.com/video/7396206862250659124,street_snap,7396206862250659124,22,"fashion, posing, handsome guy"
street snap8,https://www.douyin.com/video/6962778117534403847,street_snap,6962778117534403847,6,"cheongsam, elegance"
street snap9,https://www.douyin.com/video/7264401373695970571,street_snap,7264401373695970571,8,"StreetPhotography, Healing Moment"
street snap10,https://www.douyin.com/video/7405396696210869556,street_snap,7405396696210869556,12,"StreetPhotography, passerby"
street snap11,https://www.douyin.com/video/7407375815706414351,street_snap,7407375815706414351,9,StreetArt
street snap12,https://www.douyin.com/video/7013590410979233063,street_snap,7013590410979233063,10,"StreetPhotography, Portrait"
street snap13,https://www.douyin.com/video/6977208924604763432,street_snap,6977208924604763432,10,"handsome guy, outfit recommendation"
street snap14,https://www.douyin.com/video/6985743220068158757,street_snap,6985743220068158757,10,"passerby, elegance"
street snap15,https://www.douyin.com/video/7455532401704455433,street_snap,7455532401704455433,31,"Stray Cats, cute"
street snap16,https://www.douyin.com/video/7137877164669603076,street_snap,7137877164669603076,20,"StreetPhotography, funny"
street snap17,https://www.douyin.com/video/7410634507461610771,street_snap,7410634507461610771,46,"StreetPhotography, Portrait"
street snap18,https://www.douyin.com/video/7072581805727042846,street_snap,7072581805727042846,13,"celebrity, fashion, posing"
street snap19,https://www.douyin.com/video/7405555564601773312,street_snap,7405555564601773312,36,"StreetPhotography, MovieStyle"
street snap20,https://www.douyin.com/video/7397055530495266098,street_snap,7397055530495266098,19,"StreetPhotography, MovieStyle, passerby"
